{
  "rooms": [
    {
      "id": "Duffield",
      "description": "You are in the heart of the engineering quad. Collegetown is to the southwest. Campus Road is to the north. The engineering quad is to the west. You see a group of people flock to table holding some free Chipotle - you guess an info session just ended!",
      "score": 15,
      "exits": [
        {
          "name": "southwest",
          "room id": "collegetown"
        },
        {
          "name": "south west",
          "room id": "collegetown"
        },
        {
          "name": "collegetown",
          "room id": "collegetown"
        },
        {
          "name": "Collegetown",
          "room id": "collegetown"
        },
        {
          "name": "north",
          "room id": "campus road"
        },
        {
          "name": "campus road",
          "room id": "campus road"
        },
        {
          "name": "Campus Road",
          "room id": "campus road"
        },
        {
          "name": "Campus Rd",
          "room id": "campus road"
        },
        {
          "name": "campus rd",
          "room id": "campus road"
        },
        {
          "name": "west",
          "room id": "outside"
        },
        {
          "name": "eng quad",
          "room id": "outside"
        },
        {
          "name": "engineering quad",
          "room id": "outside"
        }
      ]
    },
    {
      "id": "collegetown",
      "description": "You're walking across the bridge into Collegetown. The engineering quad is to the north. You see tables of students grabbing their last pitchers of sangria outside and look down at your phone – is it bagel Tuesday yet?",
      "score": 21,
      "exits": [
        {
          "name": "north",
          "room id": "outside"
        },
        {
          "name": "eng quad",
          "room id": "outside"
        },
        {
          "name": "engineering quad",
          "room id": "outside"
        }
      ]
    },
    {
      "id": "campus road",
      "description": "You find yourself standing on Campus Road. Duffield is the southeast. Collegetown is to the southwest. A TCAT slowly tries to turn around the corner as students keep walking in front of it.",
      "score": 7,
      "exits": [
        {
          "name": "southeast",
          "room id": "Duffield"
        },
        {
          "name": "south east",
          "room id": "Duffield"
        },
        {
          "name": "duffield",
          "room id": "Duffield"
        },
        {
          "name": "Duffield",
          "room id": "Duffield"
        },
        {
          "name": "southwest",
          "room id": "collegetown"
        },
        {
          "name": "south west",
          "room id": "collegetown"
        },
        {
          "name": "collegetown",
          "room id": "collegetown"
        },
        {
          "name": "Collegetown",
          "room id": "collegetown"
        }
      ]
    },
    {
      "id": "Hollister",
      "description": "You have reached Hollister. Collegetown is to the south. Campus Road is to the north. The engineering quad is to the east. You glance down at your watch: is it time for your CS 3110 discussion?",
      "score": 10,
      "exits": [
        {
          "name": "south",
          "room id": "collegetown"
        },
        {
          "name": "collegetown",
          "room id": "collegetown"
        },
        {
          "name": "Collegetown",
          "room id": "collegetown"
        },
        {
          "name": "north",
          "room id": "campus road"
        },
        {
          "name": "campus road",
          "room id": "campus road"
        },
        {
          "name": "Campus Road",
          "room id": "campus road"
        },
        {
          "name": "Campus Rd",
          "room id": "campus road"
        },
        {
          "name": "east",
          "room id": "outside"
        },
        {
          "name": "eng quad",
          "room id": "outside"
        },
        {
          "name": "engineering quad",
          "room id": "outside"
        }
      ]
    },
    {
      "id": "outside",
      "description": "You're outside, on the engineering quad. Duffield is to the east. Collegetown is to the south. Campus Road is to the north. Hollister is to the west. You feel the sun on your face and watch a squirrel dart behind a rock - the fresh air smells good.",
      "score": 500,
      "exits": [
        {
          "name": "east",
          "room id": "Duffield"
        },
        {
          "name": "duffield",
          "room id": "Duffield"
        },
        {
          "name": "Duffield",
          "room id": "Duffield"
        },
        {
          "name": "south",
          "room id": "collegetown"
        },
        {
          "name": "collegetown",
          "room id": "collegetown"
        },
        {
          "name": "Collegetown",
          "room id": "collegetown"
        },
        {
          "name": "north",
          "room id": "campus road"
        },
        {
          "name": "campus road",
          "room id": "campus road"
        },
        {
          "name": "Campus Road",
          "room id": "campus road"
        },
        {
          "name": "Campus Rd",
          "room id": "campus road"
        },
        {
          "name": "campus rd",
          "room id": "campus road"
        },
        {
          "name": "west",
          "room id": "Hollister"
        },
        {
          "name": "hollister",
          "room id": "Hollister"
        },
        {
          "name": "Hollister",
          "room id": "Hollister"
        }
      ]
    }
  ],
  "start room": "outside",
  "items": [
    {
      "name": "big red pizza bagel",
      "starting room": "collegetown",
      "score": 10
    },
    {
      "name": "blanket",
      "starting room": "campus road",
      "score": 50
    },
    {
      "name": "frisbee",
      "starting room": "Hollister",
      "score": 30
    },
    {
      "name": "fluffy dog",
      "starting room": "Duffield",
      "score": 1000
    }
  ],
  "treasure room": "outside",
  "win msg": "CONGRATULATIONS! Looks like you've got yourself a picnic :)"
}