{
  "squares": [
    {
      "name": "GO",
      "color": "None",
      "cost": "0",
      "type": "GO",
      "rent": "100"
    },
    {
      "name": "Mediterranean Avenue",
      "color": "Brown",
      "cost": "60",
      "type": "Property",
      "rent": "100",
      "house": "50",
      "hotel": "100"
    },
    {
      "name": "Community Chest",
      "color": "None",
      "cost": "0",
      "type": "Chest",
      "rent": "100"
    },
    {
      "name": "Baltic Avenue",
      "color": "Brown",
      "cost": "60",
      "type": "Property",
      "rent": "100",
      "house": "50",
      "hotel": "100"
    },
    {
      "name": "Income Tax",
      "color": "None",
      "cost": "200",
      "type": "Tax",
      "rent": "100"
    },
    {
      "name": "Reading Railroad",
      "color": "Railroad",
      "cost": "200",
      "type": "Property",
      "rent": "100"
    },
    {
      "name": "Oriental Avenue",
      "color": "Light Blue",
      "cost": "100",
      "type": "Property",
      "rent": "100",
      "house": "50",
      "hotel": "100"
    },
    {
      "name": "Chance",
      "color": "None",
      "cost": "0",
      "type": "Chance",
      "rent": "100"
    },
    {
      "name": "Vermont Avenue",
      "color": "Light Blue",
      "cost": "100",
      "type": "Property",
      "rent": "100",
      "house": "50",
      "hotel": "100"
    },
    {
      "name": "Connecticut Avenue",
      "color": "Light Blue",
      "cost": "120",
      "type": "Property",
      "rent": "100",
      "house": "50",
      "hotel": "100"
    },
    {
      "name": "Jail",
      "color": "None",
      "cost": "0",
      "type": "Jail",
      "rent": "100"
    },
    {
      "name": "St. Charles Place",
      "color": "Pink",
      "cost": "140",
      "type": "Property",
      "rent": "100",
      "house": "50",
      "hotel": "100"
    },
    {
      "name": "Electric Company",
      "color": "Utility",
      "cost": "150",
      "type": "Property",
      "rent": "100"
    },
    {
      "name": "States Avenue",
      "color": "Pink",
      "cost": "140",
      "type": "Property",
      "rent": "100",
      "house": "50",
      "hotel": "100"
    },
    {
      "name": "Virginia Avenue",
      "color": "Pink",
      "cost": "160",
      "type": "Property",
      "rent": "100",
      "house": "50",
      "hotel": "100"
    },
    {
      "name": "Pennsylvania Railroad",
      "color": "Railroad",
      "cost": "200",
      "type": "Property",
      "rent": "100"
    },
    {
      "name": "St. James Place",
      "color": "Orange",
      "cost": "50",
      "type": "Property",
      "rent": "100",
      "house": "50",
      "hotel": "100"
    },
    {
      "name": "Community Chest",
      "color": "None",
      "cost": "50",
      "type": "Chest",
      "rent": "100"
    },
    {
      "name": "Tennessee Avenue",
      "color": "Orange",
      "cost": "50",
      "type": "Property",
      "rent": "100",
      "house": "50",
      "hotel": "100"
    },
    {
      "name": "New York Avenue",
      "color": "Orange",
      "cost": "200",
      "type": "Property",
      "rent": "100",
      "house": "50",
      "hotel": "100"
    },
    {
      "name": "Free Parking",
      "color": "None",
      "cost": "50",
      "type": "Parking",
      "rent": "100"
    },
    {
      "name": "Kentucky Avenue",
      "color": "Red",
      "cost": "50",
      "type": "Property",
      "rent": "100",
      "house": "50",
      "hotel": "100"
    },
    {
      "name": "Chance",
      "color": "None",
      "cost": "50",
      "type": "Chance",
      "rent": "100"
    },
    {
      "name": "Indiana Avenue",
      "color": "Red",
      "cost": "50",
      "type": "Property",
      "rent": "100",
      "house": "50",
      "hotel": "100"
    },
    {
      "name": "Illinois Avenue",
      "color": "Red",
      "cost": "50",
      "type": "Property",
      "rent": "100",
      "house": "50",
      "hotel": "100"
    },
    {
      "name": "B. & O. Railroad",
      "color": "Railroad",
      "cost": "200",
      "type": "Property",
      "rent": "100"
    },
    {
      "name": "Atlantic Avenue",
      "color": "Yellow",
      "cost": "50",
      "type": "Property",
      "rent": "100",
      "house": "50",
      "hotel": "100"
    },
    {
      "name": "Ventnor Avenue",
      "color": "Yellow",
      "cost": "50",
      "type": "Property",
      "rent": "100",
      "house": "50",
      "hotel": "100"
    },
    {
      "name": "Water Works",
      "color": "Utility",
      "cost": "50",
      "type": "Property",
      "rent": "100"
    },
    {
      "name": "Marvin Gardens",
      "color": "Yellow",
      "cost": "50",
      "type": "Property",
      "rent": "100",
      "house": "50",
      "hotel": "100"
    },
    {
      "name": "Go To Jail",
      "color": "None",
      "cost": "50",
      "type": "GoToJail",
      "rent": "100"
    },
    {
      "name": "Pacific Avenue",
      "color": "Green",
      "cost": "50",
      "type": "Property",
      "rent": "100",
      "house": "50",
      "hotel": "100"
    },
    {
      "name": "North Carolina Avenue",
      "color": "Green",
      "cost": "50",
      "type": "Property",
      "rent": "100",
      "house": "50",
      "hotel": "100"
    },
    {
      "name": "Community Chest",
      "color": "None",
      "cost": "50",
      "type": "Chest",
      "rent": "100"
    },
    {
      "name": "Pennsylvania Avenue",
      "color": "Green",
      "cost": "50",
      "type": "Property",
      "rent": "100",
      "house": "50",
      "hotel": "100"
    },
    {
      "name": "Short Line",
      "color": "Railroad",
      "cost": "200",
      "type": "Property",
      "rent": "100"
    },
    {
      "name": "Chance",
      "color": "None",
      "cost": "50",
      "type": "Chance",
      "rent": "100"
    },
    {
      "name": "Park Place",
      "color": "Dark Blue",
      "cost": "50",
      "type": "Property",
      "rent": "100",
      "house": "50",
      "hotel": "100"
    },
    {
      "name": "Luxury Tax",
      "color": "None",
      "cost": "100",
      "type": "Tax",
      "rent": "100"
    },
    {
      "name": "Boardwalk",
      "color": "Dark Blue",
      "cost": "50",
      "type": "Property",
      "rent": "100",
      "house": "50",
      "hotel": "100"
    }
  ],
  "chest cards": [],
  "chance cards": []
}